{"cameraMode":{"drawMode":0,"name":"Shaded","section":"Shading Mode"},"sceneLighting":true,"audioPlay":false,"sceneViewState":{"showFog":false,"showMaterialUpdate":false,"showSkybox":false,"showFlares":false,"showImageEffects":false,"showParticleSystems":false},"in2DMode":false,"pivot":{"x":-5.221817970275879,"y":0.8278573751449585,"z":-12.955031394958496},"rotation":{"x":-0.0036258804611861707,"y":0.9938697814941406,"z":-0.03430191054940224,"w":-0.10504873096942902},"size":15.029052734375,"orthographic":false}