{"cameraMode":{"drawMode":0,"name":"Shaded","section":"Shading Mode"},"sceneLighting":false,"audioPlay":false,"sceneViewState":{"showFog":false,"showMaterialUpdate":false,"showSkybox":false,"showFlares":false,"showImageEffects":false,"showParticleSystems":false},"in2DMode":false,"pivot":{"x":6.522542476654053,"y":2.4321236610412599,"z":-4.122521877288818},"rotation":{"x":-0.00034419557778164744,"y":0.999583899974823,"z":-0.025494946166872979,"w":-0.013494718819856644},"size":7.549993515014648,"orthographic":false}